Session,Term,Next Term Begins,Fullname,Class,Student's ID,Attendance,Days Absent,Sex,No. of Subjects,Total Score,Student's Average,Class Average,Position in Class,Out of,Neatness,Punctuality,Sense of Responsibilty,Teamwork,Initiative,Communication Skills,Musical Skills,Sports,Craft,Hardworking,Teacker's Remark,Head of School's remark
2024/2025,SECOND TERM,2025-01-15,GIFTED,PRIMARY 6,123456,122,2,MALE,2,2222,90%,80%,3,23,4,4,4,4,4,4,4,4,4,4,KEEP IT UP,EXCELLENT RESULT! NICE WORK.,ASDSFD,12,22,33,ADSF,DSF
2024/2025,SECOND TERM,2024-11-05,GIFTED,JSS 2,12002,222,3,MALE,123,1212,90%,80%,3,34,5,5,5,5,5,5,5,5,5,5,GOOD RESULT,EXCELLENT RESULT! NICE WORK.,PHYSICS,23,70,333,A,GOOD
2028/2029,SECOND TERM,2025-02-11,GIFTED BRAI,PRIMARY 3,12002,200,20,MALE,10,202020,90% AND HALF,80%,23,2,5,5,5,5,5,5,5,5,5,5,GOOD RESULT,EXCELLENT RESULT! NICE WORK.,CHEMISTRY,20,20,20,B,NEARLY PASS
2024/2025,SECOND TERM,2025-01-22,TEST NEW,SSS 3,123456234,123,21,MALE,10,1106,90%,85%,1,34,5,4,5,4,5,5,3,4,3,5,GOOD RESULT,PROMOTED TO THE NEXT CLASS,MATHS,20,70,90,A,GOOD,ENGLISH,30,76,106,A+,PERFECT,PHYSICS,15,70,85,A,VERY GOOD,CHEMISTRY,25,60,85,A,EXCELLENT,BIOLOGY,30,70,100,A,EXCELLENT,AGRICULTURE,25,60,85,A,EXCELLENT,CHRISTIAN RELIGIOUS STUDIES,25,90,115,A++,OVER PERFECT,ECONOMICS,30,70,100,A,EXCELLENT,COMMERCE,20,80,100,A,EXCELLENT,GEOGRAPHY,16,70,86,A,EXCELLENT
2024/2025,SECOND TERM,2024-11-05,GIFTED BRAI,JSS 3,123456,123,2,FEMALE,12,2122,90%,80%,1,21,4,4,4,4,4,4,4,4,4,4,GOOD RESULT,EXCELLENT RESULT! NICE WORK.,WORK ,12,1324,2132,A,WQEW
2024/2025,SECOND TERM,2024-11-08,JOSHUA MATTHEW,SSS 1,1200222,1224,12,MALE,2,2,90%,80%,2,120,4,5,4,5,5,5,5,4,4,5,GOOD RESULT,EXCELLENT RESULT! NICE WORK.,NOW NOW TEST,20,122,455,A,GOOD,ANOTHER ONE,20,124,543,B,OKAY
2024/2025,SECOND TERM,2025-03-05,JOSHUA UWAGABBON,PRIMARY 5,123456DFGH,12333,344,FEMALE,123,2121,96%,85%,12,21212,5,5,5,5,5,5,5,5,5,5,GOOD RESULT,EXCELLENT RESULT! NICE WORK.,NOWOOOO,23,2233,3443,AAA,AASSSSSSSSS,YES O,23,23,211112,AAAA,YESS O
