Session,Term,Next Term Begins,Fullname,Class,Student's ID,Attendance,Days Absent,Sex,No. of Subjects,Total Score,Student's Average,Class Average,Position in Class,Out of,Neatness,Punctuality,Sense of Responsibilty,Teamwork,Initiative,Communication Skills,Musical Skills,Sports,Craft,Hardworking,Teacker's Remark,Head of School's remark
2024/2025,First Term,2025-01-06,Gifted Brai,JSS 3,12002,125,4,male,2,190,90%,80%,2,10,4,5,4,5,4,4,4,5,5,5,Good Result, keep it up,Excellent result! Nice work.,Maths,20,70,90,A,Excellent,English,30,70,100,A,Excellent
2024/2025,First Term,2025-01-06,Test New,JSS 3,123456,122,4,male,1,100,90%,80%,2,12,2,2,2,2,2,2,2,2,2,2,Good Result keep it up,Excellent result! Nice work.,English,20,80,100,A,Excellent
2024/2025,Second Term,2025-01-06,Gifted Brai,Primary 6,123456,120,20,male,2,175,90%,80%,1,100,5,5,5,5,5,5,5,5,5,5,Good Result,Excellent result! Nice work.,Mathematics,20,65,85,A,Excellent,English Language,30,60,90,A,Excellent
2024/2025,SECOND TERM,2025-01-15,GIFTED,PRIMARY 6,123456,122,2,MALE,2,2222,90%,80%,3,23,4,4,4,4,4,4,4,4,4,4,KEEP IT UP,EXCELLENT RESULT! NICE WORK.,ASDSFD,12,22,33,ADSF,DSF
2024/2025,SECOND TERM,2024-11-05,GIFTED,JSS 2,12002,222,3,MALE,123,1212,90%,80%,3,34,5,5,5,5,5,5,5,5,5,5,GOOD RESULT,EXCELLENT RESULT! NICE WORK.,PHYSICS,23,70,333,A,GOOD
2028/2029,SECOND TERM,2025-02-11,OYA NAUUU,PRIMARY 3,12002,200,20,MALE,10,202020,90% AND HALF,80%,23,2,5,5,5,5,5,5,5,5,5,5,GOOD RESULT,EXCELLENT RESULT! NICE WORK.,CHEMISTRY,20,20,20,B,NEARLY PASS
2024/2025,SECOND TERM,2025-01-22,TEST NEW,SSS 3,123456234,123,21,MALE,10,1106,90%,85%,1,34,5,4,5,4,5,5,3,4,3,5,GOOD RESULT,PROMOTED TO THE NEXT CLASS,MATHS,20,70,90,A,GOOD,ENGLISH,30,76,106,A+,PERFECT,PHYSICS,15,70,85,A,VERY GOOD,CHEMISTRY,25,60,85,A,EXCELLENT,BIOLOGY,30,70,100,A,EXCELLENT,AGRICULTURE,25,60,85,A,EXCELLENT,CHRISTIAN RELIGIOUS STUDIES,25,90,115,A++,OVER PERFECT,ECONOMICS,30,70,100,A,EXCELLENT,COMMERCE,20,80,100,A,EXCELLENT,GEOGRAPHY,16,70,86,A,EXCELLENT
